DATA	COMENT√ÅRIO
2020-03-09	Baixei e n√£o perdi nada :-/
2020-03-03	N√£o √© muito bom toda as horas entra anusio
2020-03-01	Esso √© muito cansativo üò´
2020-03-01	Espero que esses exercicios me ajudem no que eu quero
2020-02-28	Ruim p√©ssimo demora muito
2020-02-28	N√£o falo nada que ainda estou tentando estalar vamos ver
2020-02-16	Muito bom excelente app
2020-01-25	Vou dar Uma estrela porque ainda n√£o concluir os 30 dias , mas volto se eu ver resultado e dou mas detalhes
2020-01-06	N√£o consigo baixar o app
2020-01-02	"E al√©m do mais eu pesquisei hoje sobre se a pessoa suar muito perde barriga e o sate s√≥ disse assim ""suar s√≥ vai tirar √°gua e sais minerais do seu corpo e n√£o vai permitir que vc perca peso e suas gordurinhas vai ficar intactas"""
2020-01-02	"mais no pr√≥prio aplicativo disse assim ""suor pingando s√£o calorias queimando"""
2019-12-19	Fiz os exerc√≠cios e passei mal, fiz todos os exerc√≠cios e n√£o obtive resultado
2019-12-19	N√£o fa√ßam q nem eu que fiz esses exerc√≠cios sem prescri√ß√£o m√©dica, passei mal pra caramba!
2019-11-08	Tanto faz, j√° vi melhor
2019-10-10	Dei uma estrela mais √± consigo abrir o aplicativo
2019-10-05	nao gostei eu mal baixei ele ja esta travando e as vezes nao consegui abrir o app
2019-09-17	A minha dica √© que vcs n√£o instalem esse aplicativo
2019-09-17	mas a escolha √© de vcs
2019-09-17	No 3¬∞ dia eu machuque as costas e a perna esquerda
2019-09-17	tive risco de ir para o hospital, mas √© s√≥ um aviso, se quiserem instalar
2019-09-06	Como fa√ßo para bota em portugu√™s?? A mulher t√° ensinando o ex√©rcito em outra l√≠ngua
2019-09-01	Eu nau poso fazer muitas nau posso fazermuita
2019-09-01	saude muito Eu nau posso
2019-08-16	bom vou da uma estrela pq acabei de baixar se tiver resultados dou as outras 4
2019-08-16	estou adorando apesar de estar no 3 dia
2019-08-08	esse app n√£o presta
2019-08-05	At√© era bom se n√£o empanca se o telem√≥vel
2019-07-23	vou testar se for bom mesmo dou mais estrelas ok?
2019-07-19	muito bom, est√° me ajudando muito, j√° estou ansiosa para ver o resultado final
2019-04-28	desinstalei muita propaganda com v√≠rus
2019-03-22	vou come√ßar hoje daqui 30 dias volto e falo se resolveu cmg e dou mais estrelas
2019-03-17	uau! esta mim ajudando muito
2019-03-17	os dias que n√£o vou academia
2019-03-17	fa√ßo meus treinos de abdominal em casa no cochinete
2019-03-17	maravilhoso porque estou percebendo os resultados
2019-03-16	acabei de baixa ainda nao usei bom vamos ver no dia a dia ‚úå
2019-03-12	tem alguma pessoa de emagreceu
2019-03-09	tenho 13 anos sera que pra mim funciona? tenho 65kg e quero ficar com tanquinho kkkk sera que da se concluir os 3 meses comecei hj responde ai alguem pfv to na duvida
2019-03-09	marcelo e voc√™ √© mulher mesmo?
2019-03-07	u√© nao quer desintalar do celular nao
2019-03-06	√≥timo pra quem quer emagrecer üòÅüòÅüòÅüòÅ
2019-03-05	eu odiei esse aqlicativo
2019-03-02	quando baixei tava td numa boa dai do nada entrou viros e eu n consegui mais desinstalar o app
2019-03-01	Acabei de baixar o app, so li comentarios positivos
2019-03-01	Espero q funcione pra mim tbmüëê Hoje estou com 70 kl,quero peder pelo menos 15
2019-03-01	Amanha comeco depois volto falando se deu resultados
2018-10-15	N√£o gostei, eu instalei e a minha barriga t√° do mesmo jeito
2018-10-10	Vcs todos ainda est√£o gordas kkkkkk
2018-10-01	Tem coisas faseis de mais deveria almentar o n√≠vel de deficuldade
2018-09-27	Vou usar e v√™ se e bom, quer v√™ o meu resultado me segui no Instagram @Alessandra_alvves
2018-09-26	Pessimo aplicativo da multi virus
2018-09-24	N√£o consegui baixar o APP ocupa muito espa√ßo
2018-08-29	Ele √© bom mas depois que voc√™ para de fazer o efeito e ao contr√°rio sua barriga aumenta o dobro
2018-08-29	N√£o de facto gostei muito dessa aplica√ß√£o
2018-08-21	S√≥ dou uma estrela depois logo se v√™
2018-08-13	Estou tentando instalar e nada at√© agora ????
2018-08-08	"Cad√™ as avalia√ß√µes de quem usou o app durante um m√™s? N√£o faz sentido 
avaliar um app de perda de peso ap√≥s o segundo dia de instalado"
2018-08-08	"Sugiro a 
disponibiliza√ß√£o do pop-up de avalia√ß√£o somente ap√≥s o vig√©simo primeiro 
dia de uso"
2018-07-30	O t√≠tulo n√£o √© real
2018-07-30	Fiz tudo E surpresa nada!!!
2018-07-27	Vai se fude cara sai do celular
2018-07-07	ainda n testei mas me incomodo com minha gordura abdominal
2018-06-12	"Faltou pausas entre as s√©ries! √â horr√≠vel vc fazer abdominais sem fim! 
Ningu√©m √© rob√¥!!!"
2018-05-15	"N√£o tem como inserir o peso inicial e as medidas do corpo para depois 
comparar os resultados"
2020-03-11	Senti falta a ficha de altura, peso, medidas para acompanhamento e base para montagem da s√©rie
2019-09-18	Eu tenho pochete, nao tive nenhum resultado ainda
2019-09-09	Nao serve de nada
2019-09-05	comesei a treinar a 5 dias achei otimo ele esprica muito bem quando terminar os 30 dia volto pra dizer se vale apena ou nao
2019-08-15	vamo ver se √© bom, eu vou e volto
2019-07-30	Vou come√ßar hoje, vamos ver
2019-07-30	depois dou mais estrelas
2019-07-17	sei l√° n√£o terminei de fazer kkk
2019-04-26	por enquanto duas estrelas pq acabei de baixar, mas o conte√∫do ve interessante
2019-04-05	n√£o consigo ver o que posso comer
2018-10-02	Bem eu tenho 11anos e estou pesando 35 kilos meu foco e emagrecer ate 20e pouco vou tentar e depois falo meu resultado
2018-09-26	Vou dar 2as estrelas se for BOM vou aumentar
2018-05-20	Isso √© pra pessoa depressiva Prefiro ter minha barriga gordinha memso
2020-03-17	To gostando dos exerc√≠cios e resultados, quando concluir, volto e dou 5 estrelas se eu alcan√ßar meu objetivo
2020-03-13	Nao conta 1,2,3
2020-03-13	e toda vez agente tem que pular manualmente pra outro exercicio
2020-03-07	Estou adorando vou d√° 3 estrelas por q s√≥ tenho 2 dias q comecei
2020-02-22	Bom se vc colocar pouco emagrece pouco se vc colocar um monte emagrece bastante
2020-02-05	Nunca comecei mais j√° achei incr√≠vel üòÇü§≠
2020-01-31	Poderia bem liberar uma m√∫sica para fazermos os exerc√≠cios tbm hem fica a dica
2020-01-27	Esse app √© muito bom ajudar mesmo se a pessoa fazer tudo certinho eu gostei muito
2020-01-25	Estou gostando, vamos ver o resultado
2020-01-23	"Muito bom! Mas recomendo para pessoas ""mais fortes"" pois s√£o muitos treinos e os treinos s√£o bem pesados ent√£o se vc for um adolescente ou crian√ßa sei l√°, n√£o recomendo! Mas para adultos recomendo! üëç"
2020-01-23	Comecei hoje, coloquei no modo mais avan√ßado, se der resultado daqui 30 dias eu volto e dou 5 estrelas
2020-01-10	N√£o deu muito resultado em mim
2020-01-10	Excelente ,estou apenas comesando
2020-01-07	Vou dar 3 estrelinha agora se der algum resultado darei 5 e elogios üòò
2019-12-30	o resultado n√£o √© t√£o absurdo, mas aceit√°vel pra 30dias
2019-12-28	T√¥ treinando se eu tiver resultados do mais estrelas
2019-12-26	Muito legal mais cansa muito
2019-12-23	E √≥timo pra mim funcionou muito beim
2019-11-05	√â bom eu gosto, por√©m acho q teve atualiza√ß√£o e n√£o gostei de algumas mudan√ßas que teve no tempo do intervalo
2019-10-15	s√≥ depende de mim pra obter resultados
2019-10-15	come√ßei faz alguns mais eu ja sinto resultados frequentes como por exemplo realizar os exercicios com mais facilidade ,quando acabar venho falar se funcionou msm ou n
2019-10-04	Vou come√ßar a praticar se der resultado dou as 5 estrelas
2019-10-01	Estou come√ßando, mas parece muito bom
2019-09-19	Iniciante ainda, mas gostei muito
2019-09-07	Poderia ter como editar os treinos hiit do App, pra quando ficassem f√°ceis demais n√≥s mesmas podermos aumentar o tempo
2019-08-22	Comecei ontem √© estou a gostar
2019-08-22	Volto mais tarde para dar novamente a minha opini√£o
2019-08-20	o App parece ser bom
2019-08-15	hoje foi meu primeiro treino quando eu terminei de treinar eu passei mal kkk eu recomendo n√£o fazer tudo no primeiro dia fa√ßa aos poucos pra n√£o passar mal igual a mim kkkk
2019-08-07	Se der certo dou mais estrelas
2019-08-06	usei por dois meses
2019-07-30	tem quase uma semana q estou fazendo e n√£o estou vendo resultado
2019-07-24	e muito bm n√£o dei 5 estrelas porque baixei a pouco tempo
2019-07-19	Eu gosto da app
2019-07-10	Baixei a dois dias e j√° comecei os treinos, por enquanto est√° ok, ainda n√£o posso dar uma opini√£o definitiva sobre o App, daqui 30 dias eu volto pra editar a avalia√ß√£o
2019-07-10	Lembrando que n√£o se depende s√≥ de um aplicativo pra obter resultados, √© uma soma de fatores
2019-04-27	√© bom s√≥ que de uns dia pra c√° quando eu finalizo o exercicio ele fica totalmente branco e n√£o vejo mas nada e meu celular come√ßa a travar
2019-04-27	gostei do aplicativo e n√£o queria abrir m√£o dele por favor desenvovedor concertem isso por favor
2019-03-28	gente no meu n√£o est√° mostrando quantas repeti√ß√µes √© pra fazer cada exerc√≠cio
2019-03-28	E agora como vou saber?
2019-03-27	Baixei o App hoje e dei uma conferida nos exerc√≠cios e amei! come√ßo amanh√£, dia 27/03 , dia 27/04 retorno pra falar do meu resultado
2019-03-27	üòò Por enquanto darei apenas 3‚òÜ
2019-03-25	Esta faltando configura√ß√£o para diminuir o tempo de descanso e tamb√©m na quantidade de exerc√≠cios por exemplo, a gente coloca a quantidade mas quando estamos fazendo os exerc√≠cios n√£o para ap√≥s fazer determinada quantidade colocada, isto atrapalha o andamento por ter que mexer no celular, tamb√©m nos segundos de descanso, s√≥ tem 30 segundos, n√£o tem como colocar menos tempo de descanso como 10 segundos,se fizer esta corre√ß√£o fica show, obs
2019-03-25	S√≥ marca o tempo quando √© em segundos
2019-03-24	Ainda n√£o comecei a usar mas j√° adorei
2019-03-24	Depois de come√ßar vou avaliar novamente!
2019-03-22	√â um programa f√°cil de utilizar,nos primeiros dias n√£o se nota as modifica√ßoƒì que ocorrem,depos de um determinado tempo not√£o varias modifica√ßoƒìs
2019-03-21	√© bom mais vou praticar amanh√£
2019-03-19	comecei hoje vc pensa que besteira e rapido mais e intenso to tremendo kkkkk
2019-03-19	excelente aplicativo depois posso dar mais duas estrelas depois que eu fizer o teste
2019-03-14	n√£o da para por o dia da mestrua√ß√£o
2019-03-10	pro enquanto vou dar essa comecei s√≥ t√° com oito dias mais e muito bom gostei
2019-03-07	e bom so falta eu ter a roupa adequada ;-; e ser mais velha ;-------;
2019-03-07	por enquanto vou dar 3 estrelas mas me pare√ße ser um bom aplicativo por√©m acho que e pago
2019-03-06	e bom mais precisa ser portugal
2019-03-05	n√£o sei se funciona mais parece que ta certo
2019-01-05	A aplica√ß√£o √© muito boa
2019-01-05	D√° para fazer os exerc√≠cios sem ajuda de ningu√©m e eu acho que resulta
2019-01-05	Comecei hoje e j√° sinto um pouco de diferen√ßa, daqui a 30 dias volto para dar mais 2 estrelinhas ????
2018-10-15	T√¥ baixando nesse momento
2018-09-30	Olha, Dei 3 Estrelas Ainda Pois Estou Baixando O App Ainda, Dou As 5 Estrelas Quando Eu Tiver Bons Resultados
2018-09-30	Baixei o App agora e ainda n√£o sei como √©
2018-09-30	Mas tenho medo de perder peso porque quero √© ganhar massa muscular
2018-09-27	Algu√©m me diz se deu resultado
2018-09-21	Ainda n usei parece bom
2018-09-17	Vou experimenta se eu gostar eu dou mais estrelas
2018-09-15	Sera que crian√ßa pode fazer misso
2018-09-13	Eita que come√ßa amanh√£
2018-09-08	J√° mudei minha dieta h√° muito tempo
2018-09-08	Estou seguindo os exerc√≠cios do app h√° 45 dias e n√£o notei diferen√ßa nenhuma no corpo
2018-09-08	Eu j√° sou magra
2018-09-08	Meu intuito √© realmente perder gordura abdominal
2018-09-05	Muito bom eu adorei
2018-09-03	hj fiz o primeiro dia
2018-08-29	Vou come√ßar hoje dia 29/08/2018 daqui 1 m√™s volto pra contar se deu resultado
2018-08-26	N√£o sinto dor nos meus m√∫sculos
2018-08-26	O desenho ( anima√ß√£o) √© um, a descri√ß√£o fala pra fazer outra coisa, e o v√≠deo no YouTube indica uma terceira coisa
2018-08-25	Porqu√™ que pros homens √© mais dif√≠cil? Leap Fitnees Group
2018-08-25	eu baixei os outros 2 app que n√£o tem isso, porque isso √© rid√≠culo
2018-08-23	Gostei muito tem ajudado bastante
2018-08-21	Tenho gostado e perdi 7cm de circunst√¢ncia abdominal em 2 semanas
2018-08-21	Mas o que sugiro √© que seja salvo os avan√ßos que temos no decorrer do tempo porque se precisar formatar o celular n√≥s perdemos tudo, a√≠ tem que come√ßar do zero e isso desistimula
2018-08-21	Utilizar a conta Google por exemplo para salvar os dados j√° ajuda
2018-08-20	vo testar se for bom do mais estrelas,daqui 10 dias eu volto
2018-08-20	Soh vou da tr√™s si for √≥timo eu aumentarei ????
2018-08-20	"Por√©m precisei formatar o celular duas vezes e todo 
progresso n√£o foi recuperado"
2018-08-20	"Poderia ter a op√ß√£o de recuperar o progresso 
atrav√©s do cadastro do e-mail ou se a sincroniza√ß√£o do Google fit 
funcionace pq agora pela 3 vez vou ter que come√ßar tudo de novo e isso √© 
desmotivador"
2018-08-18	N√£o faz sentido eu ter perdido 1456Kcal
2018-08-18	"pq se fosse assim eu ja taria 
magrelo E 1456Kcal ou e 1456 calorias"
2018-08-17	Gostei emagreci 4 quilos em 1 semana
2018-08-15	Estou abaixando o app daqui um m√™s espero ter perdido pelo menos meio kilo
2018-08-15	"eu fa√ßo academia 3 dias na semana mas para ajudar a perder mais peso vou 
testar esse app ????"
2018-08-06	"Baixei hoje mas gostei se for tudo q imagino desse aplicativo volto para 
avaliar com mais estrelas ‚ò∫????"
2018-08-06	Ajudaria se tivesse m√∫sica
2018-08-04	"O aplicativo √© bom, tem exerc√≠cios bons, mas tem um problema grave, n√£o h√° 
uma op√ß√£o de fazer login em alguma conta ou algo assim para que se possa 
salvar o progresso e em caso de troca de celular ou reset poder continuar 
de onde parou"
2018-08-04	"Perdi todos os meus dados devido a uma restaura√ß√£o que fiz 
no meu celular e desanimei de usar o aplicativo depois disso pois teria que 
come√ßar tudo de novo"
2018-07-29	Tem muito an√∫ncio que aparece na tela
2018-07-28	Vou dar 3 estrelas porque ainda estou no segundo dia
2018-07-28	"Mas o app √© bom, 
super recomendo ele"
2018-07-28	Vou d√° mais estrelas qnd come√ßar a v√™ resultados ????‚ù§????
2018-07-26	The English log is wrong, doesn't work Right, some words are in portuguese
2018-07-26	"Fiz os 30 dias e n vi resultado nenhum segui a risca e a quantidade de 
calorias tmb est√° totalmente errada mas os exerc√≠cios s√£o bons mas o App n 
cumpre com o prometido (perder a gordura em 30 dias)"
2018-07-25	To estalando se for bom dou mais estrelas
2018-07-24	"Dei um satisfat√≥rio pois vou testa-lo durante 1 semana se eu sentir 
diferen√ßa eu mudo minha opini√£o"
2018-07-18	"Ms na hora do exercicio nao tem aquela voz falando minuto por minuto n 
gostei por issso"
2018-07-17	"Bom lendo os coment√°rios e pesquisando um pouco parece ser bem √∫til 
voltarei a comentar ap√≥s os 30 dias e ver se obtive resultados"
2018-07-17	T√¥ no meu primeiro dia vamos ver se dar resultado mesmo
2018-07-14	Estou avaliado mais at√© a agora estou bom
2018-07-13	Bom, mas diminua o tempo de descanso!! Fora isso √© um excelente app ????
2018-07-11	N√£o sei ao certo
2018-07-11	"Gostaria apenas de trincar a barriga e n√£o de emagrecer, 
porque j√° sou muito magra"
2018-07-02	Ainda Estou a Experimentar
2018-06-30	Oii eu queria lhe fazer uma pergunta
2018-06-30	"esse app serve para crian√ßas tamb√©m 
ou s√≥ para adultos??"
2018-06-28	Depois de eu experimentar volto pra dar opini√£o
2018-06-26	esse APP √© √≥timo eu j√° comecei e j√° to vendo diferen√ßa ja????????????
2018-06-25	Vou come√ßar depois avalio melhor
2018-06-02	"Gente to no terceiro dia to amando, quando fechar os 30 dias venho contar 
se deu resultado"
2018-05-31	"Meu celular estava quase sem nenhum app para mim abaixar este ,√© meu 
celular travou e n√£o estalou vou tentar nova mente mas n√£o sei se vai dar 
certo"
2018-05-31	Ent√£o minha opini√£o √© tr√™s estrelas
2018-05-23	"Estou baixando agora o aplicativo mas observei v√°rios coment√°rios em 
rela√ß√£o a peso gente o aplicativo deve ajudar mas vc s√≥ emagrece com 
reeduca√ß√£o alimentar ai sim voc√™ vai ver muitos resultados"
2018-05-20	S√≥ vou d√° o restante das estrelas quando algu√©m falar que perdeu peso :D
2020-03-18	Oi! Gostei muito do app, exerc√≠cios que tu fizer bem direitinho, consegue sentir todos os m√∫sculos arderem
2020-03-18	Mas, sentir falta de uma coisinha, fazer a contagem dos exerc√≠cios
2020-03-18	Facilita muito, se n√£o a gente tem que ficar olhando pra tela do celular
2020-03-18	Eu pelo menos me perco na contagem
2020-03-18	√â muita coisa, respirar, contrair e olhar para o celular
2020-03-18	Obrigada, no mais o app √© √≥timo
2020-03-16	Muito bom! Ajuda a manter o foco e obter resultados
2020-03-16	Ainda n√£o testei mais pelos coment√°rios j√° vi que √© aprovado mais vou testar e se gostar dou 5 estrelas
2020-03-08	Comecei hoje app maravilhoso
2020-03-06	N√£o usei ainda se for bom dou 5 estrelas
2020-03-05	Os alarmes n√£o tocam todos os dias
2020-03-05	otimo app funciona mesmo
2020-03-04	Muito bom to adorando
2020-02-25	Por enquanto t√¥ amando o app,se continuar dando certo dou a √∫ltima üòäüëç
2020-02-24	Estou no segundo dia mais estou gostando bastante
2020-02-13	Os exerc√≠cios sao uma del√≠cia espec√≠fico para o que eu queria
2020-02-10	Perfeita o treino √© √≥timo
2020-02-08	Melhor aplicativo que eu tenho
2020-02-02	Comer√ßei a pouco tem e estou gostando muito
2020-01-31	Comecei a usar e estou gostando muito
2020-01-31	Treinos curtos, muito bom para quem n√£o tem muito tempo mas n√£o quer ficar parado
2020-01-30	Muito bom tou amando
2020-01-30	Ainda n√£o terminei o ciclo de 30 dias, mas estou gostando bastante
2020-01-30	Esse app acaba comigo mas √© bom pq assim q o resultado vem rs
2020-01-25	Gosto muito do app
2020-01-25	Excelente op√ß√£o para treino em casa
2020-01-25	Gostaria de poder simular e redefinir o progresso de cada dia de treino individualmente, sem zerar o progresso total
2020-01-20	Ainda √± testei entao √± vou falar
2020-01-16	Senti falta de um menu para informar o progresso do meu peso e altura, e seria legal tbm uma galeria de fotos interetiva mostrando o nosso progresso di√°rio ou semanal
2020-01-15	Ent√£o, estou aguardando concluir os 30 dias para dar 5 ‚≠ê
2020-01-15	Mas PASSADA estou!Pois faz apenas 6 dias que iniciei e j√° vi resultados
2020-01-15	Fa√ßo 2 modos, Iniciante e Intermedi√°rio
2020-01-15	Bem, de um tempo para c√°, eu j√° havia emagrecido bastante, mais uns culotes salientes nunca chegaram a sair üòí e isso me deixava irada pois fazia quase de tudo pra sumirem
2020-01-15	E para minha surpresa , esses dias fui me olhar no espelho e de um lado n√£o tinha mais e o mais dificil de todos est√° diminuindo üôå At√© aqui SATISFEITAüòç
2020-01-15	Adorei o app, no entanto, o tempo dele est√° com defeito
2020-01-15	Pois tem vezes que ele tranca e fica s√≥ a barra vermelha andando indicando o tempo
2020-01-15	O que prejudica poisbtem vezes que acabados tendo que nosntorcer para ver se findou ou n√£o o tempo ou acabamos ficando um tempo muito superior do que o indicado
2020-01-15	O meu questionamento √©: os alongamrntos nao deveriam vir antes dos exercicios? Espero respota
2020-01-15	De resto, est√° perfeito no meu ponto de vista
2020-01-09	Caso vc n√£o tenha certeza de como realizar algum, tem uma explica√ß√£o escrita e at√© v√≠deo explicando
2020-01-02	Bom aplicativo, exerc√≠cios f√°ceis e que d√£o resultado
2019-12-22	Achei muito √∫til para mim, espero que seja pra vcs usur√°rios
2019-12-12	Eu ameeei,em uma semana j√° d√° resultados üíìrecomendo que baixem a aplica√ß√£o √© muito boa,vai ajudar muito,apenas resta dedica√ß√£o e muita for√ßa para alcan√ßar a nossa meta final
2019-12-09	√â muito bom esse aplicativo
2019-12-02	√â bom mas eu n consigo manter e essa muie fala mt
2019-12-01	Eu gostei muito do App pra ficar melhor acho que deveria vim com umas musiquinhas por que quando coloco m√∫sica n√£o d√° pra ouvir as instru√ß√µes do apps
2019-12-01	Oi tem como passar ele na tv?
2019-11-23	Gostei bastante do app comecei a dois dias mas ja tou adorando e bom ate pk nao fazia exerc√≠cios e agora com oh app sempre vou ta em forma ‚ù§
2019-11-21	Esse App √© muito bom
2019-11-21	Exerc√≠cio simples e eficaz
2019-11-20	mas os exerc√≠cios s√£o dif√≠ceis para quem te aquela barriguinha
2019-11-18	Oito anos, a partir das
2019-11-13	Aplicativo muito bom, os exerc√≠cios s√£o √≥timos, super recomendo pra quem quer queimar gordura abdominal, Ja estou colocando em pr√°tica !!
2019-11-07	Estou gostando muito espero que me ajude a perder peso mesmo
2019-11-05	Cara eu amei s√©rio msmüòò
2019-11-05	Eu dei a nota, 4 ƒó a media
2019-11-05	por eu gostar ums, dos aplicativos e tem que ser de seguran√ßa, para as pessoas usarem
2019-11-05	Gosto muito dos treinos! S√≥ n√£o gostei da parte que fica chegando lembrete pra mim treinar sendo que eu j√° fiz o treino do dia e eu n√£o deixei nenhum lembrete programado no mais tudo certo
2019-10-30	Muito bom pena que o sedentarismo bate √© n√≥s faz nada
2019-10-27	Depois dos exerc√≠cios conclu√≠do, se deixar para compartilhar depois de um tempo, agente n√£o consegui mais
2019-10-26	Muito bom estou gostando
2019-10-23	Estou no 8 dia de exerc√≠cios e estou gostando muito j√° vi diferen√ßa no meu abd√¥men
2019-10-22	Parece bom de mais pra ser verdade mas vou entrar no desafio e espero ver resultadosüëç
2019-10-18	S√≥ falta mesmo uma op√ß√£o de salvar os exerc√≠cios que voc√™ mais gosta, tipo uma playlist de exerc√≠cios
2019-10-13	Vou da 4 estrelas pq ainda n√£o sei se vou emagrecer msm mas os exerc√≠cios s√£o √≥timos e d√£o um up na alto estima
2019-10-12	Estou em teste , mas pela rea√ß√£o do meu corpo sinto q √© positivo
2019-10-11	Muito legal, comecei agora
2019-10-11	Quando der resultado dou cinco estrelas
2019-10-06	Adorei j√° estou ficando com um tanquinho bem pequeno mais t√° indo
2019-09-17	Motivador, acelerado e divertido
2019-09-14	Muito bom gostei muito
2019-09-10	Muito pr√°tico e excelente para perder peso
2019-09-10	√ìtimo app tenho 10 dias que baixei o aplicativo, e j√° estou vendo os resultados
2019-09-03	Eu gostei bastante to trincada Queimei a pan√ßa
2019-09-01	Os exerc√≠cios s√£o bons, a instru√ß√£o √© clara, tem v√°rias op√ß√µes de treinos
2019-08-29	Gostei muito bem pr√°tico
2019-08-21	√â bom de mais
2019-08-19	√© um bom app
2019-08-15	Encrivel! mas podia ser melhor
2019-08-15	n fa√ßo atividade f√≠sica e tenho uma pansinha
2019-08-15	fiz metade do primeiro dia e no dia seguinte meu abd√¥men ficou doendo
2019-08-15	tive q adiar um dia a outra metade do primeiro dia
2019-08-15	acho q devia ter alguma op√ß√£o q ajudasse nisso
2019-08-15	alguma coisa a mais
2019-07-31	"Vi que cada dia no ""plano iniciante"" tem 18 treinos/exercicios para serem feitos"
2019-07-31	Eu preciso necessariamente fazer os 18 exercicios por dia pra ter o efeito desejado? Achei uma carga muito grande de exercicios, tenho at√© medo de me lesionar
2019-07-30	Esse app √© excelente, por√©m deveria ter a op√ß√£o de fazer login para poder acessar os mesmos dados em outros dispositivos
2019-04-28	esse app √© otimo
2019-04-22	Fiz a 1¬∞etapa,amei
2019-04-22	Tenho certeza que vou consegui chegar em minha meta
2019-03-23	muito bom recomendo muito
2019-03-21	"esta aplica√ß√£o √© boa porque ajudar a perder peso mas na minha opiniao ""voces"" deviam questionar o peso da pessoa primeiro e depois dizer quaia sao os exerc√≠cios que a pessoa deve fazer para ficar magra"
2019-03-20	eu estou gostando bastante,ta me ajudando a perder peso
2019-03-18	Muito bom mas poderia ser melhor üòâ
2019-03-15	Muito bom o aplicativo, roda direitinho, bem explicativo e incentivador
2019-03-14	achei bom mas deveria tambem passar treinos nos aparelhos da academia acho q ficaria completo o app
2019-03-14	Gostei do treino e apresentou resultados
2019-03-14	Tem que ter disciplina e associar uma alimenta√ß√£o saud√°vel!
2019-03-13	bom gostei bastante e emagaresi 4 quilos
2019-03-12	Parece ser bom mais ainda n√£o usei, caso eu ver resultado, dou a √∫ltima estrela
2019-03-12	muito bom o app, ate agora n√£o tenho o que reclamar, super recomendo
2019-03-08	bom mais nao to vendo resultado em 2 semanas
2019-03-05	Simples e direto, auxilia em pr√°ticas de exerc√≠cios r√°pidos
2019-03-05	se aliar os exerc√≠cios a uma dieta saud√°vel sinples, os resultados s√£o bastante r√°pidos
2019-03-05	tem alguns an√∫ncios, mas nada que incomode
2019-03-04	maravilhoso!!! amei o app
2019-03-01	estou gostando ja estou no 5 dia
2019-02-28	gostei muito do aplicativo, se deixar a internet desligada nao tem nenhum an√∫ncio para atrapalhar!
2019-01-05	Estou gostando muito do aplicativo, hoje √© o meu 3¬∞dia e estou super empolgada com os treinos assim que eu come√ßar a obter resultado volto aqui comentar e dar mais uma estrela
2018-10-18	Gosto da aplica√ß√£o, mas sugeria que tivesse uma op√ß√£o com exemplos de card√°pios saud√°veis e exemplos de receitas
2018-10-18	A√≠ ficaria perfeita e mereceria os 5 de avalia√ß√£o sem d√∫vida alguma seria a melhor aplica√ß√£o de sempre
2018-10-18	Uma d√∫vida, o treino alinhamento manh√£ e noite e para ser feito tamb√©m??
2018-10-16	At√© agora estou gostando bastante, at√© pq estava meio sedent√°ria e precisava de algu√©m que me ajudasse com exerc√≠cios
2018-10-15	Senti falta de um alongamento inicial
2018-10-14	N√£o est√° a deixar inserir a minha altura
2018-10-14	Diz que n√£o √© valida!
2018-10-11	Acho que a queima de calorias com a quantidade do tempo est√° muito alta
2018-10-02	Em teste aparentemente um bom app
2018-10-02	Muito bom!!! Ajuda muito na perca de peso
2018-10-02	Pena que n√£o inclui dieta e n√£o manda alertas para treino
2018-10-01	O aplicativo e excelente
2018-10-01	Gosto muito, que pena que quando trocamos de celular perdemos nossa evolu√ß√£o
2018-10-01	Eu gostei mais ainda t√¥ no 3 dia do iniciante
2018-10-01	da para o gasto
2018-09-30	Eu amei, dentre 30 dias eu estou lisinha nossa, impressionante
2018-09-30	Muito obrigado me ajudou bastante
2018-09-25	Comecei hoje e gostei da metodologia do app
2018-09-22	De acordo com pesquisas e orienta√ß√µes de professores de educa√ß√£o f√≠sica, eles orientam fazer abdominais 1 dia sim e 1 dia n√£o
2018-09-22	Neste aplicativo tem 30 dias, e acredito que deve-se fazer os 30 sem pausa
2018-09-22	Estou errado? Isso pode trazer alguma consequ√™ncia? For√ßar o abd√¥men todo dia n√£o faz mal? Fiz o 1 e 2 dia, achei muito bom, no 1 dia for√ßou bem o abd√¥men j√° no 2 dia teve exerc√≠cios pras costas e etc
2018-09-22	Vai sempre variar os exerc√≠cios pra n√£o trazer problemas em rela√ß√£o ao abd√¥men?
2018-09-21	S√≥ fiquei frustrada que ao final dos 30 dias n√£o tenha uma continuidade
2018-09-20	Os bacon chega a chorar #vemmonstro
2018-09-19	Minha filha que me indicou, vou come√ßar amanh√£
2018-09-18	Gostei muitooo desse app
2018-09-18	Tem um cronograma certo depende da pessoa seguir achei bom vamos ver o resultado daqui uns quinze dias
2018-09-18	Eu baixei hj, vou come√ßar amanh√£ com os treinos em casa, mas j√° fiz o alongamento para dormi e funcionou muito bem ‚ù§Ô∏è‚ù§Ô∏è
2018-09-15	Hoje foi meu primeiro treino e gostei bastante !
2018-09-14	E top para gordos
2018-09-13	Eu gostei do app e muito bom
2018-09-11	Eu curti ele vem me ajudando √© um bom APP p auxiliar na perca de peso
2018-09-11	Ainda n√£o testei mas parece ser bom
2018-09-10	Gostei muito, mas o √°udio deveria ter a op√ß√£o de portugu√™s
2018-09-09	O APP √© bom, to precisando perde uns quilos MSM,ent√£o espero que esse APP me ajude
2018-09-08	E muito bom amei????????
2018-09-06	N√£o √© poss√≠vel anular os an√∫ncios e publicidade
2018-09-02	Gostei muito! S√≥ acho q falta uma m√∫sica animada de fundo!
2018-09-02	Est√° atendendo a minha expectativa
2018-09-01	Est√° me ajudando muito estou emagrecendo r√°pido????????
2018-08-31	Com quanto tempo +/- eu vou sentir uma diferen√ßa??? (Lembrando que estou me alimentando pouco e de forma saud√°vel)
2018-08-30	S√≥ vou da 5 estrelas quando eu tiver um resultado quando come√ßar o treino
2018-08-28	Curti bastante comecei agora se eu obtiver resultados eu volto para falar
2018-08-27	Comecei e estou amando
2018-08-25	Muito boa Eu tenho 13 anos e √© bom !!!
2018-08-25	Bom sinda nao testei mais acho q e bom
2018-08-24	√â prefeito tanto pra quem j√° praticava, quanto pra quem ainda vai come√ßar, amei
2018-08-23	Muito bom!!! Basta ter disciplina
2018-08-22	To tentando ser fitnes vamos la 1 dia so resta 4 dias so salada
2018-08-22	Ele √© bom ajuda muito
2018-08-20	ser√° que isso e verdade
2018-08-19	"Eu gostei do app realmende ajuda mas eu ja fiz varias vezes o prumeiro dia 
e aparece 100% concluido mas dps eu saio do app e volta no 0% pfv melhorem 
isso"
2018-08-17	S√≥ irei dar minha opini√£o depois que testar o aplicativo
2018-08-16	Eu adorei o problema √© esse 5 4 3 2
2018-08-15	"E muito bom gostei s√≥ acho que poderia ter menos an√∫ncio mais t√° bem bacana 
,"
2018-08-15	Me sinto bem melhor, depois que usei ele
2018-08-14	"Eu estava pensando 46 faz uma semana estou com 39, ele √© √≥timo minha 
cintura era 97 agora t√° 85"
2018-08-14	"o app est√° com um bug onde quando eu aperto para mudar pro pr√≥ximo 
exerc√≠cio meu celular simplesmente apaga, como se tivesse desligado"
2018-08-11	"App muito bom estou fazendo faz alguns dias e j√° no to uma grande diferen√ßa 
juntamente com boa alimenta√ß√£o saud√°vel √© top pra alcan√ßar o que se quer"
2018-08-09	To vendo resultados ja
2018-08-07	T√¥ no segundo dia e parece que promete
2018-08-06	"Eu j√° estou fazendo exerc√≠cios com esse aplicativo a 2 meses n√£o vi grandes 
resultados mas motiva a continuar tanto que j√° estou fazendo a 2 meses kk e 
exercita se faz bem"
2018-08-03	"Tenho 11 anos???? vou ver se √© Bom,estou em fase de crescimento,quero 
emagrecer!"
2018-08-03	"Ol√°!!! Tenho uma d√∫vida os exerc√≠cios que n√£o tem segundos apenas x quando 
sei que devo parar? Devo eu contar e eu mesmo paro?"
2018-08-02	Muito bom para o treino
2018-08-01	Super recomendo, estou amando
2018-08-01	√â otimo mas apareceu muitos anucios n meu cell td hr
2018-08-01	"mas na 
quest√£o do treinamemto √© maravilhoso"
2018-07-31	Eu estou baixando agora, ent√£o ainda n√£o tenho uma opini√£o formada
2018-07-29	√â muito bom esse aplicativo
2018-07-25	Esse apl √© muito bom!!!
2018-07-25	Gostei √© bom pra aqu√©m que perder gordura
2018-07-23	"Quem a√≠ perdeu gordura e t√° com a barriga lisa? Pq para eu baixar eu 
preciso saber se o aplicativo √© bom"
2018-07-23	Estou come√ßando agr mas parece ser bom
2018-07-18	Est√£o dizendo q o APP √© bom, eu to instalando
2018-07-18	"Quando eu instalar e se eu 
gostar eu dou 5 estrelas"
2018-07-17	Vou dar 5 estrelas quando ver omu resultado por enquanto √© 4 estrelas
2018-07-12	Muito bom mesmo ajuda muito a perder peso
2018-07-12	Estou gostando, os exerc√≠cios s√£o bem puxados, espero que d√™ resultados!
2018-07-11	Estou gostando bastante, os exerc√≠cios s√£o bem explicados!
2018-07-09	Muito valido, est√£o de parab√©ns!
2018-07-07	Eu e a esposa estamos amando treinar usando estas dicas
2018-07-05	Estou adorando os alongamentos
2018-07-05	"Coloca a op√ß√£o de escolher pelo tempo e n√£o apenas pela quantidade de 
exerc√≠cios"
2018-07-03	Eu achei esse aplicativo muito bom
2018-07-03	E muito legal o que falta nele √©
2018-07-03	"n√£o 
sei ele √© muito bom"
2018-07-03	Gostei muito do ap
2018-07-02	Eu botei gostei porque demora muito para pessoa emagrecer
2018-06-29	Acabei de baixar, gostei muito
2018-06-29	"Daqui um m√™s volto pra ver se realmente 
merece 5 estrelas"
2018-06-29	aparentemente bom, ainda vou iniciar
2018-06-28	To baixando se for bom MSM dou mas estrelas
2018-06-26	Eu estalei agora se for bom eu dou 5 estrela
2018-06-25	Vou fazer o treino se for bom mesmo volto aqui pra falado resultado
2018-06-25	"Gente, como fa√ßo para perder a barriga mas n√£o perder peso! N√£o queria 
emagrecer, apenas perder a barriga"
2018-06-23	√â top, s√≥ gostaria de saber se √© recomendado fazer os exerc√≠cios em jejum
2018-06-22	Eu gostei,n√£o amei,porque nem √© pessoa para eu amar
2018-06-17	"A aplica√ß√£o est√° muito boa, n√£o sou 5* porque por vezes no exerc√≠cio de 
prancha n√£o contabiliza o tempo de exerc√≠cio aparecendo o n¬∫ de repeti√ß√µes"
2018-06-17	Hoje por exemplo seriam 36seg e aparecia 36x
2018-06-17	Tirando isso gosto imenso
2018-06-14	Aumentem volume do guia e instrutor
2018-06-11	Baixei hoje espero que me ajude e motive a perder peso
2018-06-09	vou voltar daquia a 30 dias e digo se deu certo eu perder peso ou n
2018-06-06	Super √≠ndico pois gostei bastante
2018-06-06	"Achei muito bom e da resultado s√≥ n√£o dei 5 estrelas porque os v√≠deos que √© 
para tirar d√∫vidas dos exerc√≠cios √© em ingl√™s"
2018-06-04	Esse aplicativo me chamou aten√ß√£o e instalei
2018-06-04	"Comecei hoje e j√° amei!!! O 
app nos deixa motivadas e voc√™ fica com menos pregui√ßa!! Comecei hoje e deu 
uma firmada na musculatura, espero acordar amanh√£ com dores, pra provar que 
realmente funcionou!! Daqui a 30 dias volto novamente!!!"
2018-05-27	"Gente ele √© maravilhoso, ele indica quantas kcal gastamos, vale a pena e √© 
super motivacional !"
2018-05-22	Gostei, no primeiro dia j√° sentir diferen√ßa ????
2018-05-16	Estou no segundo dia ainda mas estou gostando
2018-05-14	Mt bom o aplicativo
2018-05-14	Mas tem mts an√∫ncios e isso atrapalha
2018-05-14	Acabei d instalar parece mto bom
2018-05-14	"melhor ainda q pega sem internet!! 
Parece q vou gostar muito!!"
